# Simulation 1 (Up to date),,,,,,,,,,,,,,,,,,,,,,
# 431 data points written for 10 variables.,,,,,,,,,,,,,,,,,,,,,,
# Simulation warnings:,,,,,,,,,,,,,,,,,,,,,,
#   Recovery device deployment at high speed (146 m/s),,,,,,,,,,,,,,,,,,,,,,
#,,,,,,,,,,,,,,,,,,,,,,
# Time (s),Altitude (m),Vertical velocity (m/s),Vertical acceleration (m/s²),V^2 (x),V^2 * a (x * y),V^4 (x ^ 2),N,,,,,,,,,,,,,,,
,,,,,,,,,,,,,,,,,,,,,,
# Event BURNOUT occurred at t=1.599 seconds,,,,,,,,,,,,,,,,,,,,,,
# Event EJECTION_CHARGE occurred at t=1.599 seconds,,,,,,,,,,,,,,,,,,,,,,
1.6015,147.96,141.3,-34.118,19965.69,-681189.41142,398628777.1761,1,,,,,,,,,,,,,,,
1.6016,147.98,140.81,-3573.6,19827.4561,-70855397.11896,393128015.397427,2,,,,,,,,,,,,,,,
1.6018,148,140.33,-3549.3,19692.5089,-69894621.83877,387794906.776579,3,,,,,,,,,,,,,,,
1.6019,148.02,139.85,-3525,19558.0225,-68942029.3125,382516244.110506,4,,,,,,,,,,,,,,,
1.602,148.04,139.36,-3500.9,19421.2096,-67991712.68864,377183382.327132,5,,,,,,,,,,,,,,,
1.6022,148.06,138.88,-3476.8,19287.6544,-67059316.81792,372013612.253839,6,,,,,,,,,,,,,,,
1.6023,148.08,138.4,-3452.8,19154.56,-66136864.768,366897168.7936,7,,,,,,,,,,,,,,,
1.6025,148.1,137.91,-3428.8,19019.1681,-65212923.58128,361728755.216058,8,,,,,,,,,,,,,,,
1.6026,148.12,137.43,-3405,18887.0049,-64310251.6845,356718954.092624,9,,,,,,,,,,,,,,,
1.6028,148.14,136.95,-3381.2,18755.3025,-63415428.813,351761371.866506,10,,,,,,,,,,,,,,,
1.6029,148.16,136.46,-3357.6,18621.3316,-62522982.98016,346753990.557159,11,,,,,,,,,,,,,,,
1.603,148.18,135.98,-3334,18490.5604,-61647528.3736,341900823.906048,12,,,,,,,,,,,,,,,
1.6032,148.19,135.5,-3310.5,18360.25,-60781607.625,337098780.0625,13,,,,,,,,,,,,,,,
1.6033,148.21,135.01,-3287,18227.7001,-59914450.2287,332249050.93554,14,,,,,,,,,,,,,,,
1.6035,148.23,134.53,-3263.7,18098.3209,-59067489.92133,327549219.399377,15,,,,,,,,,,,,,,,
1.6036,148.25,134.05,-3240.4,17969.4025,-58228051.861,322899426.207006,16,,,,,,,,,,,,,,,
1.6038,148.27,133.56,-3217.2,17838.2736,-57389293.82592,318204005.028457,17,,,,,,,,,,,,,,,
1.6039,148.3,133.08,-3194.2,17710.2864,-56570196.81888,313654244.370025,18,,,,,,,,,,,,,,,
1.6041,148.32,132.6,-3171.1,17582.76,-55756690.236,309153449.2176,19,,,,,,,,,,,,,,,
1.6042,148.34,132.11,-3148.2,17453.0521,-54945698.62122,304609027.605315,20,,,,,,,,,,,,,,,
1.6044,148.36,131.63,-3125.4,17326.4569,-54152108.39526,300206108.707557,21,,,,,,,,,,,,,,,
1.6045,148.38,131.15,-3102.6,17200.3225,-53365720.5885,295851094.104006,22,,,,,,,,,,,,,,,
1.6047,148.4,130.66,-3079.9,17072.0356,-52580162.44444,291454399.527667,23,,,,,,,,,,,,,,,
1.6049,148.42,130.18,-3057.4,16946.8324,-51813245.37976,287195128.39369,24,,,,,,,,,,,,,,,
1.605,148.44,129.7,-3034.8,16822.09,-51051678.732,282982711.9681,25,,,,,,,,,,,,,,,
1.6052,148.46,129.21,-3012.4,16695.2241,-50292693.07884,278730507.749221,26,,,,,,,,,,,,,,,
1.6053,148.48,128.73,-2990.1,16571.4129,-49550181.71229,274611725.502286,27,,,,,,,,,,,,,,,
1.6055,148.5,128.25,-2967.8,16448.0625,-48814559.8875,270538760.003906,28,,,,,,,,,,,,,,,
1.6057,148.52,127.76,-2945.6,16322.6176,-48079902.40256,266427845.31583,29,,,,,,,,,,,,,,,
1.6058,148.54,127.28,-2923.6,16200.1984,-47362900.04224,262446428.199363,30,,,,,,,,,,,,,,,
1.606,148.56,126.8,-2901.5,16078.24,-46651013.36,258509801.4976,31,,,,,,,,,,,,,,,
1.6062,148.59,126.31,-2879.6,15954.2161,-45941760.68156,254537011.365499,32,,,,,,,,,,,,,,,
1.6063,148.61,125.83,-2857.8,15833.1889,-45248087.23842,250689870.743083,33,,,,,,,,,,,,,,,
1.6065,148.63,125.35,-2836,15712.6225,-44560997.41,246886505.827506,34,,,,,,,,,,,,,,,
1.6067,148.65,124.86,-2814.3,15590.0196,-43874992.16028,243048711.128384,35,,,,,,,,,,,,,,,
1.6069,148.67,124.38,-2792.8,15470.3844,-43205689.55232,239332793.483763,36,,,,,,,,,,,,,,,
1.607,148.69,123.9,-2771.2,15351.21,-42541273.152,235659648.4641,37,,,,,,,,,,,,,,,
1.6072,148.71,123.41,-2749.8,15230.0281,-41879531.26938,231953755.92679,38,,,,,,,,,,,,,,,
1.6074,148.74,122.93,-2728.5,15111.7849,-41232505.09965,228366042.863868,39,,,,,,,,,,,,,,,
1.6076,148.76,122.45,-2707.2,14994.0025,-40591763.568,224820110.970006,40,,,,,,,,,,,,,,,
1.6077,148.78,121.96,-2686.1,14874.2416,-39953700.36176,221243063.175171,41,,,,,,,,,,,,,,,
1.6079,148.8,121.48,-2665,14757.3904,-39328445.416,217780571.418012,42,,,,,,,,,,,,,,,
1.6081,148.82,121,-2644,14641,-38710804,214358881,43,,,,,,,,,,,,,,,
1.6083,148.85,120.51,-2623,14522.6601,-38092937.4423,210907656.380132,44,,,,,,,,,,,,,,,
1.6085,148.87,120.03,-2602.2,14407.2009,-37490418.18198,207567437.772961,45,,,,,,,,,,,,,,,
1.6087,148.89,119.55,-2581.4,14292.2025,-36893891.5335,204267052.301006,46,,,,,,,,,,,,,,,
1.6089,148.91,119.06,-2560.8,14175.2836,-36300066.24288,200938665.140429,47,,,,,,,,,,,,,,,
1.609,148.94,118.58,-2540.2,14061.2164,-35718301.89928,197717806.647629,48,,,,,,,,,,,,,,,
1.6092,148.96,118.1,-2519.7,13947.61,-35143792.917,194535824.7121,49,,,,,,,,,,,,,,,
1.6094,148.98,117.61,-2499.2,13832.1121,-34569214.56032,191327325.146966,50,,,,,,,,,,,,,,,
1.6096,149.01,117.13,-2478.9,13719.4369,-34009112.13141,188222948.853082,51,,,,,,,,,,,,,,,
1.6098,149.03,116.65,-2458.6,13607.2225,-33454717.2385,185156504.164506,52,,,,,,,,,,,,,,,
1.61,149.05,116.16,-2438.5,13493.1456,-32903035.5456,182064978.182799,53,,,,,,,,,,,,,,,
1.6102,149.07,115.68,-2418.4,13381.8624,-32362696.02816,179074241.292534,54,,,,,,,,,,,,,,,
1.6104,149.1,115.2,-2398.4,13271.04,-31829262.336,176120502.6816,55,,,,,,,,,,,,,,,
1.6106,149.12,114.71,-2378.5,13158.3841,-31297216.58185,173143072.123133,56,,,,,,,,,,,,,,,
1.6108,149.14,114.23,-2358.6,13048.4929,-30776175.35394,170263166.96135,57,,,,,,,,,,,,,,,
1.611,149.17,113.75,-2338.9,12939.0625,-30263173.28125,167419338.378906,58,,,,,,,,,,,,,,,
1.6112,149.19,113.26,-2319.2,12827.8276,-29750297.76992,164553160.935322,59,,,,,,,,,,,,,,,
1.6115,149.22,112.78,-2299.6,12719.3284,-29249367.58864,161781314.947047,60,,,,,,,,,,,,,,,
1.6117,149.24,112.3,-2280.1,12611.29,-28755002.329,159044635.4641,61,,,,,,,,,,,,,,,
1.6119,149.26,111.81,-2260.7,12501.4761,-28262087.01927,156286904.678871,62,,,,,,,,,,,,,,,
1.6121,149.29,111.33,-2241.3,12394.3689,-27779499.01557,153620380.429287,63,,,,,,,,,,,,,,,
1.6123,149.31,110.85,-2222.1,12287.7225,-27304548.16725,150988124.237006,64,,,,,,,,,,,,,,,
1.6125,149.34,110.36,-2202.9,12179.3296,-26829845.17584,148336069.505436,65,,,,,,,,,,,,,,,
1.6128,149.36,109.88,-2183.8,12073.6144,-26366359.12672,145772164.679887,66,,,,,,,,,,,,,,,
1.613,149.38,109.4,-2164.8,11968.36,-25909105.728,143241641.0896,67,,,,,,,,,,,,,,,
1.6132,149.41,108.91,-2145.9,11861.3881,-25453352.72379,140692527.658822,68,,,,,,,,,,,,,,,
1.6134,149.43,108.43,-2127.1,11757.0649,-25008452.74879,138228575.062812,69,,,,,,,,,,,,,,,
1.6137,149.46,107.95,-2108.3,11653.2025,-24568446.83075,135797128.506006,70,,,,,,,,,,,,,,,
1.6139,149.48,107.46,-2089.6,11547.6516,-24129972.78336,133348257.474983,71,,,,,,,,,,,,,,,
1.6141,149.51,106.98,-2071,11444.7204,-23702015.9484,130981625.034176,72,,,,,,,,,,,,,,,
1.6144,149.53,106.5,-2052.5,11342.25,-23279968.125,128646635.0625,73,,,,,,,,,,,,,,,
1.6146,149.56,106.01,-2034.1,11238.1201,-22859460.09541,126295343.382024,74,,,,,,,,,,,,,,,
1.6148,149.58,105.53,-2015.8,11136.5809,-22449119.77822,124023434.142245,75,,,,,,,,,,,,,,,
1.6151,149.61,105.05,-1997.5,11035.5025,-22043416.24375,121782315.427506,76,,,,,,,,,,,,,,,
1.6153,149.64,104.56,-1979.4,10932.7936,-21640371.65184,119525975.900201,77,,,,,,,,,,,,,,,
1.6156,149.66,104.08,-1961.3,10832.6464,-21246069.38432,117346228.027433,78,,,,,,,,,,,,,,,
1.6158,149.69,103.6,-1943.3,10732.96,-20857361.168,115196430.3616,79,,,,,,,,,,,,,,,
1.6161,149.71,103.11,-1925.3,10631.6721,-20469158.29413,113032451.641918,80,,,,,,,,,,,,,,,
1.6163,149.74,102.63,-1907.5,10532.9169,-20091538.98675,110942338.422306,81,,,,,,,,,,,,,,,
1.6166,149.77,102.15,-1889.8,10434.6225,-19719349.6005,108881346.717506,82,,,,,,,,,,,,,,,
1.6168,149.79,101.66,-1872.1,10334.7556,-19347695.95876,106807173.311731,83,,,,,,,,,,,,,,,
1.6171,149.82,101.18,-1854.5,10237.3924,-18985244.2058,104804203.151578,84,,,,,,,,,,,,,,,
1.6174,149.84,100.7,-1837,10140.49,-18628080.13,102829537.4401,85,,,,,,,,,,,,,,,
1.6176,149.87,100.21,-1819.6,10042.0441,-18272503.44436,100842649.706345,86,,,,,,,,,,,,,,,
1.6179,149.9,99.729,-1802.2,9945.873441,-17924453.1153702,98920398.5043892,87,,,,,,,,,,,,,,,
1.6182,149.92,99.246,-1785,9849.768516,-17581836.80106,97017939.8187848,88,,,,,,,,,,,,,,,
1.6184,149.95,98.763,-1767.8,9754.130169,-17243351.3127582,95143055.353796,89,,,,,,,,,,,,,,,
1.6187,149.98,98.279,-1750.7,9658.761841,-16909594.3550387,93291680.3011577,90,,,,,,,,,,,,,,,
1.619,150.01,97.796,-1733.7,9564.057616,-16581206.6888592,91471198.0821676,91,,,,,,,,,,,,,,,
1.6193,150.03,97.313,-1716.8,9469.819969,-16257786.9227792,89677490.2452712,92,,,,,,,,,,,,,,,
1.6196,150.06,96.829,-1700,9375.855241,-15938953.9097,87906661.5001872,93,,,,,,,,,,,,,,,
1.6198,150.09,96.346,-1683.2,9282.551716,-15624391.0483712,86165766.3602145,94,,,,,,,,,,,,,,,
1.6201,150.12,95.862,-1666.6,9189.523044,-15315259.1051304,84447333.776207,95,,,,,,,,,,,,,,,
1.6204,150.15,95.379,-1650,9097.153641,-15010303.50765,82758204.3679596,96,,,,,,,,,,,,,,,
1.6207,150.17,94.896,-1633.5,9005.250816,-14710077.207936,81094542.2590687,97,,,,,,,,,,,,,,,
1.621,150.2,94.412,-1617,8913.625744,-14413332.828048,79452723.9040996,98,,,,,,,,,,,,,,,
1.6213,150.23,93.929,-1600.7,8822.657041,-14122427.1255287,77839277.2631069,99,,,,,,,,,,,,,,,
1.6216,150.26,93.446,-1584.5,8732.154916,-13836099.464402,76250529.477023,100,,,,,,,,,,,,,,,
1.6219,150.29,92.962,-1568.3,8641.933444,-13553144.2202252,74683013.6505257,101,,,,,,,,,,,,,,,
1.6222,150.32,92.479,-1552.2,8552.365441,-13274981.6375202,73142954.6364111,102,,,,,,,,,,,,,,,
1.6226,150.35,91.995,-1536.2,8463.080025,-13000983.534405,71623723.509554,103,,,,,,,,,,,,,,,
1.6229,150.37,91.512,-1520.3,8374.446144,-12731670.4727232,70131348.2187565,104,,,,,,,,,,,,,,,
1.6232,150.4,91.029,-1504.4,8286.278841,-12465877.8884004,68662417.0308043,105,,,,,,,,,,,,,,,
1.6235,150.43,90.545,-1488.7,8198.397025,-12204953.6511175,67213713.7795289,106,,,,,,,,,,,,,,,
1.6239,150.46,90.062,-1473,8111.163844,-11947744.342212,65790978.9042129,107,,,,,,,,,,,,,,,
1.6242,150.49,89.578,-1457.4,8024.218084,-11694495.4356216,64388075.8595926,108,,,,,,,,,,,,,,,
1.6245,150.52,89.095,-1441.9,7937.919025,-11445685.4421475,63010558.447457,109,,,,,,,,,,,,,,,
1.6249,150.55,88.612,-1426.5,7852.086544,-11201001.455016,61655263.0944658,110,,,,,,,,,,,,,,,
1.6252,150.58,88.128,-1411.2,7766.544384,-10960147.4347008,60319211.6686419,111,,,,,,,,,,,,,,,
1.6255,150.61,87.645,-1395.9,7681.646025,-10722809.6862975,59007685.6533983,112,,,,,,,,,,,,,,,
1.6259,150.64,87.161,-1380.8,7597.039921,-10489992.7229168,57715015.5612677,113,,,,,,,,,,,,,,,
1.6263,150.67,86.678,-1365.7,7513.075684,-10260607.4616388,56446306.2335121,114,,,,,,,,,,,,,,,
1.6266,150.71,86.195,-1350.7,7429.578025,-10035131.0383675,55198629.6295629,115,,,,,,,,,,,,,,,
1.627,150.74,85.711,-1335.8,7346.375521,-9813288.4209518,53969233.295548,116,,,,,,,,,,,,,,,
1.6273,150.77,85.228,-1320.9,7263.811984,-9594769.2496656,52762964.538902,117,,,,,,,,,,,,,,,
1.6277,150.8,84.744,-1306.2,7181.545536,-9380534.7791232,51574596.2856415,118,,,,,,,,,,,,,,,
1.6281,150.83,84.261,-1291.5,7099.916121,-9169541.6702715,50408808.9252357,119,,,,,,,,,,,,,,,
1.6285,150.86,83.777,-1276.9,7018.585729,-8962032.1173601,49260545.6353225,120,,,,,,,,,,,,,,,
1.6288,150.89,83.294,-1262.4,6937.890436,-8758392.8864064,48134323.7019403,121,,,,,,,,,,,,,,,
1.6292,150.93,82.811,-1248,6857.661721,-8558361.827808,47027524.2796687,122,,,,,,,,,,,,,,,
1.6296,150.96,82.327,-1233.7,6777.734929,-8361691.5819073,45937690.7677866,123,,,,,,,,,,,,,,,
1.63,150.99,81.844,-1219.4,6698.440336,-8168078.1457184,44869102.9349518,124,,,,,,,,,,,,,,,
1.6304,151.02,81.36,-1205.3,6619.4496,-7978422.60288,43817113.0069402,125,,,,,,,,,,,,,,,
1.6308,151.06,80.877,-1191.2,6541.089129,-7791745.3704648,42785846.993522,126,,,,,,,,,,,,,,,
1.6312,151.09,80.393,-1177.2,6463.034449,-7608284.1533628,41770814.2889607,127,,,,,,,,,,,,,,,
1.6317,151.12,79.91,-1163.3,6385.6081,-7428377.90273,40775990.8067856,128,,,,,,,,,,,,,,,
1.6321,151.16,79.427,-1149.4,6308.648329,-7251160.3893526,39799043.7389945,129,,,,,,,,,,,,,,,
1.6325,151.19,78.943,-1135.7,6231.997249,-7077679.2756893,38837789.7115436,130,,,,,,,,,,,,,,,
1.6329,151.23,78.46,-1122,6155.9716,-6907000.1352,37895986.3400065,131,,,,,,,,,,,,,,,
1.6334,151.26,77.976,-1108.4,6080.256576,-6739356.3888384,36969520.0299912,132,,,,,,,,,,,,,,,
1.6338,151.29,77.493,-1094.9,6005.165049,-6575055.2121501,36062007.2657312,133,,,,,,,,,,,,,,,
1.6343,151.33,77.009,-1081.5,5930.386081,-6413712.5466015,35169479.0697185,134,,,,,,,,,,,,,,,
1.6347,151.36,76.526,-1068.2,5856.228676,-6255623.4717032,34295414.3056047,135,,,,,,,,,,,,,,,
1.6352,151.4,76.042,-1054.9,5782.385764,-6099838.7424436,33435985.1237099,136,,,,,,,,,,,,,,,
1.6356,151.43,75.559,-1041.8,5709.162481,-5947805.4727058,32594536.2344581,137,,,,,,,,,,,,,,,
1.6361,151.47,75.075,-1028.7,5636.255625,-5798016.1614375,31767377.4703441,138,,,,,,,,,,,,,,,
1.6366,151.5,74.592,-1015.7,5563.966464,-5651320.7374848,30957722.8125167,139,,,,,,,,,,,,,,,
1.6371,151.54,74.108,-1002.8,5491.995664,-5507373.2518592,30162016.3733948,140,,,,,,,,,,,,,,,
1.6375,151.58,73.625,-989.94,5420.640625,-5366108.9803125,29383344.7854004,141,,,,,,,,,,,,,,,
1.638,151.61,73.142,-977.19,5349.752164,-5227724.31713916,28619848.2162227,142,,,,,,,,,,,,,,,
1.6385,151.65,72.658,-964.53,5279.184964,-5091932.27332692,27869793.8841237,143,,,,,,,,,,,,,,,
1.6391,151.69,72.175,-951.95,5209.230625,-4958927.09346875,27136083.7044379,144,,,,,,,,,,,,,,,
1.6396,151.72,71.691,-939.45,5139.599481,-4828396.73242545,26415482.8250955,145,,,,,,,,,,,,,,,
1.6401,151.76,71.208,-927.03,5070.579264,-4700579.09510592,25710774.0725068,146,,,,,,,,,,,,,,,
1.6406,151.8,70.724,-914.7,5001.884176,-4575223.4557872,25018845.3101192,147,,,,,,,,,,,,,,,
1.6412,151.84,70.241,-902.45,4933.798081,-4452506.07819845,24342363.5040793,148,,,,,,,,,,,,,,,
1.6417,151.87,69.757,-890.29,4866.039049,-4332185.90493421,23678336.0263928,149,,,,,,,,,,,,,,,
1.6422,151.91,69.274,-878.21,4798.887076,-4214430.61901396,23029317.1681998,150,,,,,,,,,,,,,,,
1.6428,151.95,68.79,-866.21,4732.0641,-4098961.244061,22392430.6465088,151,,,,,,,,,,,,,,,
1.6434,151.99,68.306,-854.29,4665.709636,-3985869.08493844,21768846.4074632,152,,,,,,,,,,,,,,,
1.6439,152.03,67.823,-842.46,4599.959329,-3875281.73630934,21159625.8284541,153,,,,,,,,,,,,,,,
1.6445,152.07,67.339,-830.71,4534.540921,-3766888.48848391,20562061.3642235,154,,,,,,,,,,,,,,,
1.6451,152.11,66.856,-819.05,4469.724736,-3660928.0450208,19978439.2156103,155,,,,,,,,,,,,,,,
1.6457,152.15,66.372,-807.47,4405.242384,-3557101.06780848,19406160.46179,156,,,,,,,,,,,,,,,
1.6463,152.19,65.889,-795.97,4341.360321,-3455592.57470637,18847409.4367532,157,,,,,,,,,,,,,,,
1.6469,152.23,65.405,-784.56,4277.814025,-3356201.771454,18299692.8324867,158,,,,,,,,,,,,,,,
1.6476,152.27,64.922,-773.22,4214.866084,-3259018.75347048,17765096.1060535,159,,,,,,,,,,,,,,,
1.6482,152.31,64.438,-761.98,4152.255844,-3163935.90801112,17241228.5940322,160,,,,,,,,,,,,,,,
1.6488,152.35,63.955,-750.81,4090.242025,-3070994.61479025,16730079.8230761,161,,,,,,,,,,,,,,,
1.6495,152.39,63.471,-739.73,4028.567841,-2980052.48902293,16229358.8495394,162,,,,,,,,,,,,,,,
1.6502,152.43,62.987,-728.73,3967.362169,-2891135.83341537,15739962.5800124,163,,,,,,,,,,,,,,,
1.6508,152.48,62.504,-717.82,3906.750016,-2804343.29648512,15262695.687516,164,,,,,,,,,,,,,,,
1.6515,152.52,62.02,-706.99,3846.4804,-2719423.177996,14795411.4675842,165,,,,,,,,,,,,,,,
1.6522,152.56,61.537,-696.24,3786.802369,-2636523.28139256,14339872.181864,166,,,,,,,,,,,,,,,
1.6529,152.61,61.053,-685.58,3727.468809,-2555478.06607422,13894023.7220679,167,,,,,,,,,,,,,,,
1.6536,152.65,60.57,-675,3668.7249,-2476389.3075,13459542.39188,168,,,,,,,,,,,,,,,
1.6544,152.69,60.086,-664.5,3610.327396,-2399062.554642,13034463.9063081,169,,,,,,,,,,,,,,,
1.6551,152.74,59.602,-654.09,3552.398404,-2323588.27207236,12619534.4207417,170,,,,,,,,,,,,,,,
1.6559,152.78,59.119,-643.76,3495.056161,-2249977.35420536,12215417.5685441,171,,,,,,,,,,,,,,,
1.6566,152.83,58.635,-633.51,3438.063225,-2178047.43366975,11820278.7390974,172,,,,,,,,,,,,,,,
1.6574,152.87,58.151,-623.35,3381.538801,-2107882.21160335,11434804.6626685,173,,,,,,,,,,,,,,,
1.6582,152.92,57.668,-613.27,3325.598224,-2039489.62283248,11059603.547472,174,,,,,,,,,,,,,,,
1.659,152.96,57.184,-603.28,3270.009856,-1972731.54592768,10692964.4583371,175,,,,,,,,,,,,,,,
1.6598,153.01,56.701,-593.36,3215.003401,-1907654.41801736,10336246.8684416,176,,,,,,,,,,,,,,,
1.6606,153.06,56.217,-583.53,3160.351089,-1844159.67096417,9987819.00574349,177,,,,,,,,,,,,,,,
1.6615,153.1,55.733,-573.79,3106.167289,-1782287.72875531,9648275.22725361,178,,,,,,,,,,,,,,,
1.6623,153.15,55.25,-564.12,3052.5625,-1722011.5575,9318137.81640625,179,,,,,,,,,,,,,,,
1.6632,153.2,54.766,-554.55,2999.314756,-1663269.9979398,8995889.00555934,180,,,,,,,,,,,,,,,
1.6641,153.25,54.282,-545.05,2946.535524,-1606009.1873562,8682071.59419395,181,,,,,,,,,,,,,,,
1.665,153.3,53.799,-535.64,2894.332401,-1550320.20727164,8377160.04747843,182,,,,,,,,,,,,,,,
1.6659,153.35,53.315,-526.31,2842.489225,-1496030.50400975,8079744.9942411,183,,,,,,,,,,,,,,,
1.6668,153.4,52.831,-517.06,2791.114561,-1443173.69491066,7790320.49262622,184,,,,,,,,,,,,,,,
1.6678,153.45,52.347,-507.9,2740.208409,-1391751.8509311,7508742.12475431,185,,,,,,,,,,,,,,,
1.6688,153.5,51.864,-498.82,2689.874496,-1341763.19609472,7235424.80423125,186,,,,,,,,,,,,,,,
1.6698,153.55,51.38,-489.83,2639.9044,-1293104.372252,6969095.24113936,187,,,,,,,,,,,,,,,
1.6708,153.6,50.896,-480.91,2590.402816,-1245750.61824256,6710186.74914073,188,,,,,,,,,,,,,,,
1.6718,153.65,50.413,-472.09,2541.470569,-1199802.84091921,6459072.65309318,189,,,,,,,,,,,,,,,
1.6728,153.7,49.929,-463.34,2492.905041,-1155062.62169694,6214575.54344321,190,,,,,,,,,,,,,,,
1.6739,153.76,49.445,-454.68,2444.808025,-1111605.312807,5977086.2791044,191,,,,,,,,,,,,,,,
1.675,153.81,48.961,-446.1,2397.179521,-1069381.7843181,5746469.65590179,192,,,,,,,,,,,,,,,
1.6761,153.86,48.477,-437.61,2350.019529,-1028392.04608569,5522591.78668138,193,,,,,,,,,,,,,,,
1.6772,153.92,47.994,-429.19,2303.424036,-988606.56201084,5305762.28962253,194,,,,,,,,,,,,,,,
1.6784,153.97,47.51,-420.87,2257.2001,-949987.806087,5094952.29144001,195,,,,,,,,,,,,,,,
1.6795,154.03,47.026,-412.62,2211.444676,-912486.30221112,4890487.55500875,196,,,,,,,,,,,,,,,
1.6807,154.08,46.542,-404.46,2166.157764,-876124.16922744,4692239.45853748,197,,,,,,,,,,,,,,,
1.6819,154.14,46.058,-396.38,2121.339364,-840856.49710232,4500080.69725592,198,,,,,,,,,,,,,,,
1.6832,154.2,45.575,-388.39,2077.080625,-806717.34394375,4314263.92275039,199,,,,,,,,,,,,,,,
1.6845,154.25,45.091,-380.47,2033.198281,-773570.94997207,4133895.24986136,200,,,,,,,,,,,,,,,
1.6858,154.31,44.607,-372.65,1989.784449,-741493.17491985,3959242.15348223,201,,,,,,,,,,,,,,,
1.6871,154.37,44.123,-364.9,1946.839129,-710401.5981721,3790182.59420548,202,,,,,,,,,,,,,,,
1.6884,154.43,43.639,-357.24,1904.362321,-680314.39555404,3626595.84964451,203,,,,,,,,,,,,,,,
1.6898,154.49,43.155,-349.66,1862.354025,-651190.7083815,3468362.5144337,204,,,,,,,,,,,,,,,
1.6912,154.55,42.671,-342.17,1820.814241,-623028.00884297,3315364.50022841,205,,,,,,,,,,,,,,,
1.6927,154.61,42.187,-334.76,1779.742969,-595786.75630244,3167485.03570493,206,,,,,,,,,,,,,,,
1.6942,154.68,41.703,-327.43,1739.140209,-569446.67863287,3024608.66656056,207,,,,,,,,,,,,,,,
1.6957,154.74,41.219,-320.19,1699.005961,-544004.71865259,2886621.25551353,208,,,,,,,,,,,,,,,
1.6972,154.8,40.735,-313.03,1659.340225,-519423.27063175,2753409.98230305,209,,,,,,,,,,,,,,,
1.6988,154.87,40.251,-305.95,1620.143001,-495682.75115595,2624863.34368929,210,,,,,,,,,,,,,,,
1.7004,154.93,39.767,-298.95,1581.414289,-472763.80169655,2500871.15345338,211,,,,,,,,,,,,,,,
1.7021,155,39.283,-292.05,1543.154089,-450678.15169245,2381324.54239742,212,,,,,,,,,,,,,,,
1.7038,155.06,38.799,-285.23,1505.362401,-429374.51763723,2266115.95834448,213,,,,,,,,,,,,,,,
1.7055,155.13,38.315,-278.5,1468.039225,-408848.9241625,2155139.1661386,214,,,,,,,,,,,,,,,
1.7073,155.2,37.831,-271.85,1431.184561,-389067.52290785,2048289.24764476,215,,,,,,,,,,,,,,,
1.7091,155.27,37.347,-265.28,1394.798409,-370012.12193952,1945462.60174893,216,,,,,,,,,,,,,,,
1.711,155.33,36.863,-258.8,1358.880769,-351678.3430172,1846556.94435803,217,,,,,,,,,,,,,,,
1.7129,155.4,36.379,-252.4,1323.431641,-334034.1461884,1751471.30839995,218,,,,,,,,,,,,,,,
1.7149,155.48,35.895,-246.08,1288.451025,-317062.028232,1660106.04382355,219,,,,,,,,,,,,,,,
1.7169,155.55,35.411,-239.85,1253.938921,-300757.25020185,1572362.81759864,220,,,,,,,,,,,,,,,
1.719,155.62,34.927,-233.7,1219.895329,-285089.5383873,1488144.61371602,221,,,,,,,,,,,,,,,
1.7211,155.69,34.443,-227.64,1186.320249,-270053.94148236,1407355.73318742,222,,,,,,,,,,,,,,,
1.7233,155.77,33.959,-221.66,1153.213681,-255621.34453046,1329901.79404557,223,,,,,,,,,,,,,,,
1.7255,155.84,33.475,-215.76,1120.575625,-241775.39685,1255689.73134414,224,,,,,,,,,,,,,,,
1.7278,155.92,32.991,-209.94,1088.406081,-228499.97264514,1184627.79715778,225,,,,,,,,,,,,,,,
1.7302,156,32.506,-204.21,1056.640036,-215776.46175156,1116488.16567808,226,,,,,,,,,,,,,,,
1.7326,156.08,32.022,-198.57,1025.408484,-203615.36266788,1051462.55905918,227,,,,,,,,,,,,,,,
1.7351,156.16,31.538,-193,994.645444,-191966.570692,989319.559269957,228,,,,,,,,,,,,,,,
1.7377,156.24,31.054,-187.52,964.350916,-180835.08376832,929972.689190039,229,,,,,,,,,,,,,,,
1.7404,156.32,30.57,-182.12,934.5249,-170195.674788,873336.78872001,230,,,,,,,,,,,,,,,
1.7431,156.4,30.086,-176.81,905.167396,-160042.64728676,819328.014781421,231,,,,,,,,,,,,,,,
1.7459,156.49,29.602,-171.58,876.278404,-150351.84855832,767863.841316787,232,,,,,,,,,,,,,,,
1.7489,156.57,29.118,-166.43,847.857924,-141108.99429132,718863.05928959,233,,,,,,,,,,,,,,,
1.7519,156.66,28.634,-161.37,819.905956,-132308.22411972,672245.776684274,234,,,,,,,,,,,,,,,
1.7549,156.75,28.15,-156.39,792.4225,-123926.954775,627933.41850625,235,,,,,,,,,,,,,,,
1.7581,156.84,27.666,-151.48,765.407556,-115943.93658288,585848.726781893,236,,,,,,,,,,,,,,,
1.7614,156.93,27.181,-146.66,738.806761,-108353.39956826,545835.430099311,237,,,,,,,,,,,,,,,
1.7649,157.02,26.697,-141.93,712.729809,-101157.74179137,507983.780637176,238,,,,,,,,,,,,,,,
1.7684,157.11,26.213,-137.27,687.121369,-94321.15032263,472135.775736434,239,,,,,,,,,,,,,,,
1.772,157.21,25.729,-132.71,661.981441,-87851.55703511,438219.428228436,240,,,,,,,,,,,,,,,
1.7758,157.3,25.244,-128.22,637.259536,-81709.41770592,406099.716222935,241,,,,,,,,,,,,,,,
1.7797,157.4,24.76,-123.82,613.0576,-75908.792032,375839.62091776,242,,,,,,,,,,,,,,,
1.7838,157.5,24.276,-119.5,589.324176,-70424.239032,347302.984418079,243,,,,,,,,,,,,,,,
1.788,157.6,23.791,-115.26,566.011681,-65238.50635206,320369.223028446,244,,,,,,,,,,,,,,,
1.7923,157.7,23.307,-111.11,543.216249,-60356.75742639,295083.89317763,245,,,,,,,,,,,,,,,
1.7969,157.81,22.822,-107.04,520.843684,-55751.10793536,271278.143162692,246,,,,,,,,,,,,,,,
1.8016,157.91,22.338,-103.05,498.986244,-51420.5324442,248987.271701228,247,,,,,,,,,,,,,,,
1.8065,158.02,21.853,-99.154,477.553609,-47351.350546786,228057.449468925,248,,,,,,,,,,,,,,,
1.8115,158.13,21.369,-95.341,456.634161,-43535.957543901,208514.756992174,249,,,,,,,,,,,,,,,
1.8168,158.24,20.884,-91.611,436.141456,-39955.354925616,190219.3696418,250,,,,,,,,,,,,,,,
1.8223,158.36,20.4,-87.964,416.16,-36607.09824,173189.1456,251,,,,,,,,,,,,,,,
1.8281,158.47,19.915,-84.402,396.607225,-33474.44300445,157297.290922201,252,,,,,,,,,,,,,,,
1.8341,158.59,19.43,-80.922,377.5249,-30550.0699578,142525.05012001,253,,,,,,,,,,,,,,,
1.8403,158.71,18.945,-77.526,358.913025,-27825.09117615,128818.559514651,254,,,,,,,,,,,,,,,
1.8468,158.83,18.461,-74.214,340.808521,-25292.763577494,116150.447986207,255,,,,,,,,,,,,,,,
1.8537,158.96,17.976,-70.985,323.136576,-22937.84984736,104417.246749004,256,,,,,,,,,,,,,,,
1.8608,159.08,17.491,-67.826,305.935081,-20750.352803906,93596.2737864765,257,,,,,,,,,,,,,,,
1.8683,159.21,17.006,-64.738,289.204036,-18722.490882568,83638.9744386893,258,,,,,,,,,,,,,,,
1.8762,159.35,16.52,-61.733,272.9104,-16847.5777232,74480.08642816,259,,,,,,,,,,,,,,,
1.8844,159.48,16.035,-58.812,257.121225,-15121.8134847,66111.3243455006,260,,,,,,,,,,,,,,,
1.8931,159.62,15.549,-55.973,241.771401,-13532.670628173,58453.4103415028,261,,,,,,,,,,,,,,,
1.9023,159.76,15.063,-53.218,226.893969,-12074.843242242,51480.873168573,262,,,,,,,,,,,,,,,
1.9119,159.9,14.576,-50.552,212.459776,-10740.266596352,45139.1564179702,263,,,,,,,,,,,,,,,
1.922,160.05,14.09,-47.988,198.5281,-9526.9664628,39413.40648961,264,,,,,,,,,,,,,,,
1.9327,160.19,13.603,-45.508,185.041609,-8420.873542372,34240.3970613089,265,,,,,,,,,,,,,,,
1.944,160.34,13.116,-43.111,172.029456,-7416.361877616,29594.1337316559,266,,,,,,,,,,,,,,,
1.9559,160.5,12.629,-40.799,159.491641,-6507.099461159,25437.5835488729,267,,,,,,,,,,,,,,,
1.9686,160.65,12.142,-38.574,147.428164,-5686.893998136,21735.0635404109,268,,,,,,,,,,,,,,,
1.9819,160.81,11.655,-36.439,135.839025,-4949.838231975,18452.2407129506,269,,,,,,,,,,,,,,,
1.9961,160.97,11.168,-34.387,124.724224,-4288.891890688,15556.1320524022,270,,,,,,,,,,,,,,,
2.0111,161.14,10.681,-32.419,114.083761,-3698.481447859,13015.1045239051,271,,,,,,,,,,,,,,,
2.0271,161.31,10.193,-30.523,103.897249,-3171.255731227,10794.638349768,272,,,,,,,,,,,,,,,
2.0441,161.47,9.7052,-28.706,94.19090704,-2703.84417749024,8871.92696901792,273,,,,,,,,,,,,,,,
2.0622,161.65,9.217,-26.972,84.953089,-2291.354716508,7217.02733064192,274,,,,,,,,,,,,,,,
2.0815,161.82,8.7288,-25.344,76.19194944,-1931.00876660736,5805.21315946752,275,,,,,,,,,,,,,,,
2.102,161.99,8.2405,-23.812,67.90584025,-1616.973868033,4611.20314005852,276,,,,,,,,,,,,,,,
2.1238,162.17,7.7523,-22.358,60.09815529,-1343.67455597382,3611.78826926095,277,,,,,,,,,,,,,,,
2.1472,162.34,7.2631,-20.937,52.75262161,-1104.48163864857,2782.83908672784,278,,,,,,,,,,,,,,,
2.1722,162.52,6.7731,-19.6,45.87488361,-899.147718756,2104.50494623105,279,,,,,,,,,,,,,,,
2.1989,162.69,6.2825,-18.366,39.46980625,-724.9024615875,1557.86560541254,280,,,,,,,,,,,,,,,
2.2274,162.87,5.7913,-17.219,33.53915569,-577.51072182611,1124.87496439806,281,,,,,,,,,,,,,,,
2.2578,163.03,5.2996,-16.17,28.08576016,-454.1467417872,788.809923765043,282,,,,,,,,,,,,,,,
2.2902,163.2,4.8072,-15.196,23.10917184,-351.16697528064,534.033823130649,283,,,,,,,,,,,,,,,
2.3248,163.36,4.3137,-14.275,18.60800769,-265.62930977475,346.257950191099,284,,,,,,,,,,,,,,,
2.3616,163.5,3.8189,-13.426,14.58399721,-195.80474654146,212.692974621288,285,,,,,,,,,,,,,,,
2.4008,163.64,3.323,-12.676,11.042329,-139.972562404,121.933029744241,286,,,,,,,,,,,,,,,
2.442,163.77,2.8265,-12.045,7.98910225,-96.22873660125,63.8257547609551,287,,,,,,,,,,,,,,,
2.4851,163.88,2.3297,-11.525,5.42750209,-62.55196158725,29.4577789369544,288,,,,,,,,,,,,,,,
2.5301,163.98,1.8323,-11.045,3.35732329,-37.08163573805,11.2716196735764,289,,,,,,,,,,,,,,,
2.5769,164.05,1.3343,-10.658,1.78035649,-18.97503947042,3.16966923148512,290,,,,,,,,,,,,,,,
2.625,164.1,0.836,-10.35,0.698896,-7.2335736,0.488455618816,291,,,,,,,,,,,,,,,
2.6744,164.13,0.33734,-10.103,0.1137982756,-1.1497039783868,0.0129500475295336,292,,,,,,,,,,,,,,,
2.7247,164.14,-0.16154,-9.9064,0.0260951716,-0.25850920793824,0.000680957980833447,293,,,,,,,,,,,,,,,
# Event APOGEE occurred at t=2.776 seconds,,,,,,,,,,,,,,,,,,,,,,
,,,,,,,,,,,,,,,,,,,,,,
SUM,,,sum(y),sum(x),sum(x*y),sum(x^2),,(sum(x))2,numerator,denominator,slope,B,,1/2*rho*v2*Cd*A,,downward foce=Fd+mg,,55.8636731,,0.00558636731,,1.225/kg.m3
,,,,,,,,,,,,,,,,,,,,,,
,,,,,,,,,,,,,,,,,,,,,,
,,,,,,,,,,,,,,,,,,,,,,
,,,-351889.4364,1955161.83052365,-4179116163.37065,23503302773.0809,,3822657783536.57,-536480241253.842,3063809928976.14,-0.175102324781982,-32.5462612638706,,,,,,,,,,
